Index,Date,Time,Longitude,Latitude,Magnitude,Depth,Location
1,2021-01-01,6:07:09,101.27,26.24,3,16,"Dayao,Yunnan"
2,2021-01-02,4:24:34,94.62,36.86,3.5,9,"Geermu,Qinghai"
3,2021-01-02,21:26:48,122.24,24.07,4.4,24,"ThecoastalareanearHualian,Taiwan,China"
4,2021-01-03,2:40:25,99.92,25.63,3.2,11,"Yangbi,Yunnan"
5,2021-01-03,8:34:38,117.7,24.69,3,28,"Changtai,Fujian"
6,2021-01-03,16:16:30,91.48,43.86,3.6,10,"Mulei,Xinjiang"
7,2021-01-04,0:34:12,104.52,29.43,3.2,10,"Rongxian,Sichuan"
8,2021-01-04,10:58:29,104.02,29.41,4.2,13,"Qianwei,Sichuan"
9,2021-01-04,21:49:35,119.51,31.08,3.3,6,"Guangde,Anhui"
10,2021-01-05,8:45:32,82.49,35.78,3.1,10,"Yutian,Xinjiang"
11,2021-01-05,11:49:27,81.13,42.31,3.1,10,"Zhaosu,Xinjiang"
12,2021-01-05,18:48:25,75.76,39.18,3.2,10,"Shufu,Xinjiang"
13,2021-01-06,16:46:07,120.41,38,3.8,7,"ThecoastalareanearPenglai,Shandong"
14,2021-01-06,22:08:46,78.78,41.21,3.4,10,"Wushi,Xinjiang"
15,2021-01-08,11:39:04,85.76,42.03,3.9,14,"Kuerle,Xinjiang"
16,2021-01-08,11:48:56,81.02,42.11,4.2,10,"Baicheng,Xinjiang"
17,2021-01-08,11:54:42,81.02,42.12,3.1,10,"Baicheng,Xinjiang"
18,2021-01-09,14:44:44,74.86,39.72,3.1,10,"Wuqia,Xinjiang"
19,2021-01-09,19:35:50,122.21,24.7,5.1,80,"CoastalareanearYilan,Taiwan"
20,2021-01-10,3:10:47,93.75,39.4,3.1,10,"Akesai,Gansu"
21,2021-01-10,11:23:29,121.49,23.77,4.3,11,"Hualian,Taiwan,China"
22,2021-01-11,2:54:37,123.13,42.61,3.4,15,"Kangping,Liaoning"
23,2021-01-14,17:22:00,104.05,36.06,3.6,16,"Yuzhong,Gansu"
24,2021-01-15,20:32:41,97.35,38.43,3.8,9,"Delingha,Qinghai"
25,2021-01-17,7:10:57,121.44,22.44,5.1,20,"CoastalareanearTaidong,Taiwan.China"
26,2021-01-17,7:23:31,105.66,32.77,3.2,14,"Ningqiang,Shaanxi"
27,2021-01-17,12:44:44,99.36,24.33,4.1,8,"Changning,Yunnan"
28,2021-01-18,3:51:21,82.33,35.81,3.4,10,"Yutian,Xinjiang"
29,2021-01-18,3:52:21,82.36,35.83,3.3,10,"Yutian,Xinjiang"
30,2021-01-19,2:21:29,123.97,35.79,4.6,12,TheYellowSea
31,2021-01-20,21:42:30,83.17,44.51,3,17,"Jinghe,Xinjiang"
32,2021-01-21,6:43:45,85.65,47.05,3.1,19,"Hebukesaier,Xinjiang"
33,2021-01-21,21:42:41,76.94,36.68,4.6,100,"Yecheng,Xinjiang"
34,2021-01-22,3:34:25,105.03,28.09,3.5,8,"Xingwen,Sichuan"
35,2021-01-23,9:59:10,104.22,28.18,4.7,10,"Yanjin,Yunnan"
36,2021-01-23,10:59:00,110.24,40.44,3.8,10,"Dalate,Neimenggu"
37,2021-01-23,22:28:45,110.91,18.38,3.1,10,TheSouthChinaSea
38,2021-01-24,3:38:51,125.29,48.72,3,10,"Nehe,Heilongjiang"
39,2021-01-24,9:53:08,111.49,40.65,3.2,13,"Tumotezuoqi,Neimenggu"
40,2021-01-25,19:39:22,122.27,24.83,4,95,"CoastalareanearYilan,Taiwan"
41,2021-01-27,21:51:30,94.74,39.38,3.6,10,"Akesai,Gansu"
42,2021-01-28,13:15:59,82.77,40.48,3.2,20,"Shaya,Xinjiang"
43,2021-01-28,15:29:32,121.12,22.49,4.5,10,"CoastalareanearTaidong,Taiwan"
44,2021-01-31,22:40:20,81.68,43.68,3.3,16,"Yiningxian,Xinjiang"
45,2021-02-01,20:38:37,84.49,43.65,3.2,10,"Nileke,Xinjiang"
46,2021-02-02,10:31:15,87.5,28.55,4.7,10,"Dingri,Tibet"
47,2021-02-02,11:23:31,83.61,41.21,3,10,"Kuche,Xinjiang"
48,2021-02-03,1:34:12,76.51,36.15,3.9,10,"Tashikuergan,Xinjiang"
49,2021-02-04,12:12:50,83.41,41.11,3.4,14,"Shaya,Xinjiang"
50,2021-02-04,13:06:24,87.52,28.64,4.3,28,"Dingri,Tibet"
51,2021-02-04,14:58:26,81.04,42.11,3,11,"Baicheng,Xinjiang"
52,2021-02-05,1:02:05,77.02,36.86,4.3,100,"Yecheng,Xinjiang"
53,2021-02-06,22:54:30,93.8,38.59,4.2,10,"Mangai,Qinghai"
54,2021-02-07,1:36:05,122.5,24.65,5.2,70,"CoastalareanearYilan,Taiwan,China"
55,2021-02-07,23:38:02,74.53,39.41,3.2,8,"Wuqia,Xinjiang"
56,2021-02-08,23:34:01,118.89,24.29,3.2,19,"CoastalareanearJinjiang,Fujian"
57,2021-02-09,0:56:31,122.43,24.32,4,20,"CoastalareanearYilan,Taiwan,China"
58,2021-02-09,0:58:02,122.12,24.32,5.3,20,"CoastalareanearYilan,Taiwan,China"
59,2021-02-09,9:50:11,87.9,28.01,3.3,10,"Dingjie,Tibet"
60,2021-02-10,6:40:31,80.76,44.4,3,22,"Huocheng,Xinjiang"
61,2021-02-10,13:12:28,104.54,29.44,3,9,"Weiyuan,Sichuan"
62,2021-02-11,19:13:08,79.58,36.08,3.1,8,"Hetianxian,Xinjiang"
63,2021-02-11,20:56:16,77.35,39.63,3.1,23,"Jiashi,Xinjiang"
64,2021-02-13,9:22:34,100.92,29.01,3,13,"Muli,Sichuan"
65,2021-02-15,0:16:38,76.37,40.32,3.7,10,"Atushi,Xinjiang"
66,2021-02-15,8:21:17,78.3,36.94,3.2,21,"Pishan,Xinjiang"
67,2021-02-15,16:23:11,104.84,28.12,4,10,"Gongxian,Sichuan"
68,2021-02-16,7:16:58,83.31,41.18,3.2,10,"Kuche,Xinjiang"
69,2021-02-17,1:40:38,101.58,23.04,3.3,8,"Mojiang,Yunnan"
70,2021-02-17,19:37:25,98.7,24.6,3.1,8,"Longling,Yunnan"
71,2021-02-18,2:38:48,121.41,22.23,4.6,16,"CoastalareanearTaidong,Taiwan,China"
72,2021-02-20,2:44:04,87.47,28.79,3.2,17,"Dingri,Tibet"
73,2021-02-21,22:23:09,104.9,28.36,3,10,"Changning,Sichuan"
74,2021-02-22,3:35:55,114.47,41.16,3,13,"Zhangbei,Hebei"
75,2021-02-22,9:50:48,121.89,22.42,4.5,75,"CoastalareanearTaidong,Taiwan,China"
76,2021-02-22,22:57:24,83.61,41.21,3.6,10,"Kuche,Xinjiang"
77,2021-02-24,5:45:17,75.36,37.42,3.2,10,"Tashikuergan,Xinjiang"
78,2021-02-24,12:59:10,104.11,31.81,3.2,19,"Maoxian,Sichuan"
79,2021-02-25,11:47:34,76.46,40.16,3.2,34,"Atushi,Xinjiang"
80,2021-02-27,19:37:19,98.44,25.51,3.1,8,"Tengchong,Yunnan"
81,2021-02-28,4:03:44,86.75,29.07,3.1,10,"Dingri,Tibet"
82,2021-02-28,9:12:50,101.1,32.8,3.3,10,"Banma,Qinghai"
83,2021-02-28,10:31:26,76.26,38.43,3,17,"Aketao,Xinjiang"
84,2021-03-01,18:13:13,100,26,3.8,10,"Eryuan,Yunnan"
85,2021-03-02,1:44:36,104.56,32.14,3,14,"Pingwu,Sichuan"
86,2021-03-02,9:45:38,75.13,39.2,3.1,30,"Wuqia,Xinjiang"
87,2021-03-02,17:23:01,121.17,21.92,5.3,20,"CoastalareanearPingdong,Taiwan,China"
88,2021-03-04,3:47:17,78.61,40.75,3,10,"Keping,Xinjiang"
89,2021-03-04,22:03:54,75.86,37.61,3,79,"Tashikuergan,Xinjiang"
90,2021-03-04,22:24:57,122.36,24.75,4.3,10,"CoastalareanearYilan,Taiwan,China"
91,2021-03-05,1:57:33,80.32,34.17,4.2,10,"Ritu,Tibet"
92,2021-03-05,4:59:33,80.78,42.1,3.3,7,"Baicheng,Xinjiang"
93,2021-03-05,12:42:39,100.83,23.31,3,8,"Jinggu,Yunnan"
94,2021-03-05,16:53:23,127.87,41.81,3.1,25,"Fusong,Jilin"
95,2021-03-06,8:21:33,120.41,38,3,8,"CoastalareanearPenglai,Shandong"
96,2021-03-07,9:10:43,98.49,25.76,3,8,"Tengchong,Yunnan"
97,2021-03-07,19:13:31,111.28,33.42,3,7,"Xixia,Henan"
98,2021-03-09,22:53:58,74.98,39.49,3,11,"Wuqia,Xinjiang"
99,2021-03-11,2:18:06,110.23,39.08,3.2,0,"Shenmu,Shaanxi"
100,2021-03-12,3:30:17,83.47,41.27,3,10,"Kuche,Xinjiang"
101,2021-03-13,13:56:04,116.92,28.34,3.1,7,"Yujiang,Jiangxi"
102,2021-03-13,21:56:49,104.79,28.13,3,10,"Gongxian,Sichuan"
103,2021-03-13,23:41:00,81.84,44.35,3.5,8,"Jinghe,Xinjiang"
104,2021-03-14,18:26:00,81.11,41.95,4.5,22,"Baicheng,Xinjiang"
105,2021-03-14,20:20:05,83.35,41.22,3.7,18,"Kuche,Xinjiang"
106,2021-03-16,21:16:08,86.44,30.11,3.4,10,"Angren,Tibet"
107,2021-03-17,14:27:16,80.85,44.46,4.2,8,"Huocheng,Xinjiang"
108,2021-03-18,10:10:58,110.62,39.04,3.1,0,"Shenmu,Shaanxi"
109,2021-03-18,13:40:48,105.21,25.12,3,5,"Anlong,Guizhou"
110,2021-03-19,14:11:27,92.74,31.94,6.1,10,"Biru,Tibet"
111,2021-03-19,18:57:50,104.2,31.93,3.9,15,"Beichuan,Sichuan"
112,2021-03-20,2:04:11,92.89,31.94,3.2,10,"Biru,Tibet"
113,2021-03-20,15:25:40,105,28.06,3.3,12,"Weixin,Yunnan"
114,2021-03-20,23:30:25,83.49,34.7,4.7,10,"Gaize,Tibet"
115,2021-03-21,1:20:39,90.16,37.6,3,8,"Ruoqiang,Xinjiang"
116,2021-03-22,22:51:50,84.93,31.64,3.4,10,"Gaize,Tibet"
117,2021-03-23,1:23:35,92.89,31.93,4.2,10,"Biru,Tibet"
118,2021-03-23,3:21:11,104.79,28.44,3,10,"Changning,Sichuan"
119,2021-03-23,23:31:16,101.29,36.08,3.3,8,"Guide,Qinghai"
120,2021-03-24,5:14:17,81.11,41.7,5.4,10,"Baicheng,Xinjiang"
121,2021-03-24,8:04:36,81.06,41.79,3.4,11,"Baicheng,Xinjiang"
122,2021-03-24,21:14:14,81.01,41.8,3.4,15,"Baicheng,Xinjiang"
123,2021-03-26,8:18:30,91.23,35.26,4,10,"Zhidoi,Qinghai"
124,2021-03-26,9:28:56,84.63,43.97,3.1,9,"Wusu,Xinjiang"
125,2021-03-26,15:15:29,104.78,28.19,3.1,10,"Gongxian,Sichuan"
126,2021-03-27,3:02:03,92.71,27.54,4.8,25,"Cuona,Tibet"
127,2021-03-27,7:08:31,83.22,40.77,4.8,10,"Shaya,Xinjiang"
128,2021-03-27,14:32:56,91.08,34.82,3.2,10,"Zhidoi,Qinghai"
129,2021-03-28,1:24:12,89.75,35.47,4.1,10,"Zhidoi,Qinghai"
130,2021-03-28,12:32:59,83.3,41.16,3,10,"Kuche,Xinjiang"
131,2021-03-28,13:07:05,92.86,31.93,3,10,"Biru,Tibet"
132,2021-03-28,14:41:18,122.76,24.51,4.6,80,"CoastalareanearYilan,Taiwan,China"
133,2021-03-29,8:11:43,77.62,36.35,3.3,93,"Yecheng,Xinjiang"
134,2021-03-29,10:52:52,76.91,36.53,3.1,10,"Yecheng,Xinjiang"
135,2021-03-30,1:27:25,87.68,34.38,5.8,10,"Shuanghu,Tibet"
136,2021-04-01,14:57:09,87.76,34.34,3.9,10,"Shuanghu,Tibet"
137,2021-04-02,3:20:05,79,40.83,4.3,8,"Keping,Xinjiang"
138,2021-04-02,5:40:18,114.5,23.85,3.7,10,"Dongyuan,Guangdong"
139,2021-04-02,14:15:09,101.15,32.82,3.1,10,"Banma,Qinghai"
140,2021-04-02,15:55:52,89.51,35.55,4.4,10,"Andoi,Tibet"
141,2021-04-02,16:58:35,87.9,34.47,4.2,10,"Shuanghu,Tibet"
142,2021-04-02,19:39:39,89.38,35.53,3.2,10,"Andoi,Tibet"
143,2021-04-03,0:19:29,82.25,35.91,3,10,"Yutian,Xinjiang"
144,2021-04-03,19:21:30,87.67,34.34,3.6,10,"Shuanghu,Tibet"
145,2021-04-04,12:35:26,89.35,35.52,3.7,10,"Andoi,Tibet"
146,2021-04-05,4:09:46,75.89,36.79,3.8,10,"Tashkurgan,Xinjiang"
147,2021-04-05,9:28:38,81.24,41.96,3.4,10,"Baicheng,Xinjiang"
148,2021-04-05,17:23:19,91.23,41.26,3.7,8,"Shanshan,Xinjiang"
149,2021-04-07,5:48:37,92.84,31.89,4.7,10,"Biru,Tibet"
150,2021-04-07,5:55:49,92.85,31.87,4,10,"Biru,Tibet"
151,2021-04-07,21:19:35,121.6,23.81,4.2,20,"CoastalareanearHualian,Taiwan,China"
152,2021-04-08,3:25:48,111.7,36.28,3.1,10,"Hongdong,Shanxi"
153,2021-04-09,1:04:10,95.35,39.62,3.1,10,"Subei,Gansu"
154,2021-04-11,2:21:48,90.6,31.74,3.5,10,"Bange,Tibet"
155,2021-04-12,8:18:36,104.53,29.42,3.1,10,"Zigong,Sichuan"
156,2021-04-13,17:07:36,102.38,23.84,3.3,10,"Shiping,Yunnan"
157,2021-04-16,6:26:23,78.76,32.48,3.1,10,"Zhada,Tibet"
158,2021-04-16,16:06:06,118.71,39.75,4.3,9,"Luanzhou,Hebei"
159,2021-04-18,11:35:39,100.01,26.14,3.3,9,"Eryuan,Yunnan"
160,2021-04-18,22:11:39,121.53,23.92,5.6,7,"Hualian,Taiwan,China"
161,2021-04-18,22:14:39,121.43,23.94,6.1,5,"Hualian,Taiwan,China"
162,2021-04-19,19:13:23,90.79,34.69,3.5,10,"Tanggula,Qinghai"
163,2021-04-20,2:02:30,83.69,41.34,3.2,10,"Kuche,Xinjiang"
164,2021-04-21,21:28:24,89.62,29.8,4,24,"Nanmulin,Tibet"
165,2021-04-22,6:36:06,75.8,37.61,3.1,98,"kurgan,Xinjiang"
166,2021-04-24,18:10:56,85.95,42.95,3.1,10,"Hejing,Xinjiang"
167,2021-04-25,10:44:43,83.66,41.2,3,8,"Kuche,Xinjiang"
168,2021-04-25,23:11:21,125.64,42.96,3,8,"Dongfeng,Jilin"
169,2021-04-26,21:30:16,104.97,28.18,3.2,10,"Xingwen,Sichuan"
170,2021-04-27,13:16:58,75.78,37.45,3.9,100,"Tashkurgan,Xinjiang"
171,2021-04-27,19:43:18,89.8,35.59,4,8,"Zhidoi,Qinghai"
172,2021-04-28,6:10:53,120.95,23.14,4.2,12,"Taidong,Taiwan,China"
173,2021-04-28,19:43:36,90.95,34.68,3.9,7,"Tanggula,Qinghai"
174,2021-04-29,9:43:08,103.09,30.06,3.1,28,"Mingshan,Sichuan"
175,2021-04-29,17:40:31,100.32,22.57,3.1,10,"Lancang,Yunnan"
176,2021-04-29,22:32:58,121.72,21.78,4.2,15,"CoastalareanearPingdong,Taiwan,China"
177,2021-04-30,14:00:39,103.22,30.65,3.1,9,"Dayi,Sichuan"
178,2021-05-01,19:53:19,95.54,29.03,3.1,9,"Motuo,Tibet"
179,2021-05-03,19:42:39,94.16,36.62,4,10,"Golmud,Qinghai"
180,2021-05-04,5:57:16,75.7,38.35,3.2,131,"Aketao,Xinjiang"
181,2021-05-05,9:51:06,104.02,32.4,3.6,10,"Pingwu,Sichuan"
182,2021-05-05,15:54:17,78.17,40.86,3,10,"Aheqi,Xinjiang"
183,2021-05-08,5:24:16,120.85,22.66,4.3,10,"Taidong,Taiwan,China"
184,2021-05-08,10:53:51,80.81,43.36,3.2,10,"Chabuchaer,Xinjiang"
185,2021-05-08,22:07:35,83.78,41.24,3.4,10,"Kuche,Xinjiang"
186,2021-05-10,22:44:40,102.7,32.01,3.2,17,"Heishui,Sichuan"
187,2021-05-11,6:14:39,96.25,32.5,3.7,10,"Nangqian,Qinghai"
188,2021-05-12,22:37:06,85.08,37.12,4.1,10,"Qiemo,Xinjiang"
189,2021-05-13,11:42:36,99.24,24.43,4.7,8,"Shidian,Yunnan"
190,2021-05-16,15:05:25,79.72,35.71,3.1,10,"Hetian,Xinjiang"
191,2021-05-17,0:45:20,80.58,45.07,3.1,10,"Wenquan,Xinjiang"
192,2021-05-17,7:36:23,82.54,36.45,3,10,"Yutian,Xinjiang"
193,2021-05-17,12:37:26,92.69,31.91,3.6,8,"Biru,Tibet"
194,2021-05-18,18:49:30,99.93,25.65,3.2,8,"Yangbi,Yunnan"
195,2021-05-18,18:53:31,76.02,37.59,3.1,112,"Tashkurgan,Xinjiang"
196,2021-05-18,20:56:46,99.93,25.65,3,8,"Yangbi,Yunnan"
197,2021-05-18,21:39:36,99.93,25.65,4.2,8,"Yangbi,Yunnan"
198,2021-05-19,3:27:56,99.92,25.65,3.1,8,"Yangbi,Yunnan"
199,2021-05-19,4:38:36,98.91,32.95,3.3,8,"Shiqu,Sichuan"
200,2021-05-19,9:32:00,81.87,43.13,3.4,10,"Tekesi,Xinjiang"
201,2021-05-19,20:05:57,99.92,25.66,4.4,8,"Yangbi,Yunnan"
202,2021-05-19,21:13:08,99.89,25.68,3.2,8,"Yangbi,Yunnan"
203,2021-05-20,1:58:59,99.9,25.67,3.2,11,"Yangbi,Yunnan"
204,2021-05-20,14:29:06,104.78,28.43,3.1,9,"Gongxian,Sichuan"
205,2021-05-20,22:21:17,81.43,43.44,3,22,"Chabuchaer,Xinjiang"
206,2021-05-21,13:32:30,77.89,35.85,3.1,110,"Pishan,Xinjiang"
207,2021-05-21,20:56:03,99.93,25.63,4.2,8,"Yangbi,Yunnan"
208,2021-05-21,21:21:25,99.92,25.63,5.6,10,"Yangbi,Yunnan"
209,2021-05-21,21:23:44,99.97,25.66,4.5,8,"Yangbi,Yunnan"
210,2021-05-21,21:48:35,99.87,25.67,6.4,8,"Yangbi,Yunnan"
211,2021-05-21,21:53:48,99.98,25.62,4.1,9,"Yangbi,Yunnan"
212,2021-05-21,21:55:29,99.89,25.67,5,8,"Yangbi,Yunnan"
213,2021-05-21,21:56:38,99.95,25.64,4.9,8,"Yangbi,Yunnan"
214,2021-05-21,22:02:01,99.89,25.66,4.1,8,"Yangbi,Yunnan"
215,2021-05-21,22:03:36,99.93,25.57,3.9,8,"Yangbi,Yunnan"
216,2021-05-21,22:15:16,99.96,25.59,4,8,"Yangbi,Yunnan"
217,2021-05-21,22:19:48,99.95,25.6,3,8,"Yangbi,Yunnan"
218,2021-05-21,22:30:27,99.9,25.65,3.1,8,"Yangbi,Yunnan"
219,2021-05-21,22:31:11,99.97,25.59,5.2,8,"Yangbi,Yunnan"
220,2021-05-21,22:59:37,99.94,25.63,3.5,8,"Yangbi,Yunnan"
221,2021-05-21,23:08:58,99.98,25.61,3,8,"Yangbi,Yunnan"
222,2021-05-21,23:13:54,99.94,25.64,3.8,8,"Yangbi,Yunnan"
223,2021-05-21,23:18:10,99.98,25.62,3,8,"Yangbi,Yunnan"
224,2021-05-21,23:22:49,99.88,25.66,3.5,8,"Yangbi,Yunnan"
225,2021-05-21,23:23:35,99.98,25.6,4.5,8,"Yangbi,Yunnan"
226,2021-05-22,0:24:06,99.87,25.69,3,8,"Yangbi,Yunnan"
227,2021-05-22,0:51:41,99.87,25.7,4,8,"Yangbi,Yunnan"
228,2021-05-22,0:53:31,99.91,25.65,3.2,8,"Yangbi,Yunnan"
229,2021-05-22,0:56:08,99.91,25.63,3.2,9,"Yangbi,Yunnan"
230,2021-05-22,1:36:06,99.94,25.62,3.5,9,"Yangbi,Yunnan"
231,2021-05-22,1:38:04,105.3,28.09,3.4,10,"Xuyong,Sichuan"
232,2021-05-22,1:50:18,100,25.61,3.3,14,"Yangbi,Yunnan"
233,2021-05-22,2:04:11,98.34,34.59,7.4,17,"Madoi,Qinghai"
234,2021-05-22,2:15:09,99.1,34.43,3.3,10,"Maqin,Qinghai"
235,2021-05-22,2:16:32,99.04,34.45,3.9,10,"Maqin,Qinghai"
236,2021-05-22,2:24:27,99.88,25.66,3,10,"Yangbi,Yunnan"
237,2021-05-22,2:25:04,99.05,34.44,3.4,10,"Maqin,Qinghai"
238,2021-05-22,2:28:44,99.91,25.62,3.9,10,"Yangbi,Yunnan"
239,2021-05-22,2:30:30,98.98,34.39,3.4,10,"Madoi,Qinghai"
240,2021-05-22,2:36:01,98.4,34.64,3.6,10,"Madoi,Qinghai"
241,2021-05-22,2:38:30,98.39,34.69,3.1,10,"Madoi,Qinghai"
242,2021-05-22,2:43:26,99.13,34.48,3.8,10,"Maqin,Qinghai"
243,2021-05-22,2:49:22,99.11,34.4,3.1,10,"Maqin,Qinghai"
244,2021-05-22,2:50:58,98.92,34.48,3,10,"Maqin,Qinghai"
245,2021-05-22,3:03:06,99.07,34.46,4.3,5,"Maqin,Qinghai"
246,2021-05-22,3:09:17,97.96,34.74,3.9,10,"Madoi,Qinghai"
247,2021-05-22,3:14:45,100.93,33.74,3.6,10,"Jiuzhi,Qinghai"
248,2021-05-22,3:16:38,99.08,34.47,3.3,10,"Maqin,Qinghai"
249,2021-05-22,3:22:38,98.52,34.58,3,10,"Madoi,Qinghai"
250,2021-05-22,3:47:01,98.05,34.74,3,10,"Madoi,Qinghai"
251,2021-05-22,3:49:14,98.01,34.74,4.6,10,"Madoi,Qinghai"
252,2021-05-22,4:04:29,98.64,34.52,3.4,10,"Madoi,Qinghai"
253,2021-05-22,4:05:18,101.92,34.29,3.1,19,"Henan,Qinghai"
254,2021-05-22,4:10:57,99.95,25.62,3.4,12,"Yangbi,Yunnan"
255,2021-05-22,4:13:14,99.1,34.47,3.1,10,"Maqin,Qinghai"
256,2021-05-22,4:23:58,99.05,34.47,3.3,10,"Maqin,Qinghai"
257,2021-05-22,4:36:13,98.53,34.64,3,10,"Madoi,Qinghai"
258,2021-05-22,5:09:11,99.25,34.47,3.7,10,"Maqin,Qinghai"
259,2021-05-22,5:59:35,98.46,34.64,4.6,10,"Madoi,Qinghai"
260,2021-05-22,7:59:00,110.8,33.29,3.6,17,"Shangnan,Shaanxi"
261,2021-05-22,8:36:47,99.9,25.68,3.4,12,"Yangbi,Yunnan"
262,2021-05-22,9:48:01,99.9,25.67,4,12,"Yangbi,Yunnan"
263,2021-05-22,10:29:34,97.5,34.85,5.1,10,"Madoi,Qinghai"
264,2021-05-22,10:38:44,98.94,34.55,4.9,10,"Maqin,Qinghai"
265,2021-05-22,10:42:17,97.98,34.74,3.1,10,"Madoi,Qinghai"
266,2021-05-22,11:07:12,75.86,36.85,3.6,10,"Tashkurgan,Xinjiang"
267,2021-05-22,11:16:11,98.08,34.72,3.5,10,"Madoi,Qinghai"
268,2021-05-22,11:21:17,98.07,34.72,4.7,10,"Madoi,Qinghai"
269,2021-05-22,11:30:44,100.9,34.28,4.4,10,"Maqu,Gansu"
270,2021-05-22,12:03:35,99.12,35.63,4,10,"Dulan,Qinghai"
271,2021-05-22,12:59:04,97.69,34.75,3,10,"Madoi,Qinghai"
272,2021-05-22,15:06:22,98.92,34.51,4.8,10,"Maqin,Qinghai"
273,2021-05-22,17:20:25,98.07,34.71,3,10,"Madoi,Qinghai"
274,2021-05-22,17:24:17,99.9,25.66,3.3,10,"Yangbi,Yunnan"
275,2021-05-22,17:39:34,97.65,34.77,4.3,10,"Madoi,Qinghai"
276,2021-05-22,20:14:37,99.93,25.61,4.4,10,"Yangbi,Yunnan"
277,2021-05-22,20:32:41,98.09,34.72,3.3,10,"Madoi,Qinghai"
278,2021-05-22,22:01:12,98.52,34.63,3.1,10,"Madoi,Qinghai"
279,2021-05-22,22:30:05,99.93,25.6,3.2,11,"Yangbi,Yunnan"
280,2021-05-22,23:24:54,97.52,34.83,3.1,10,"Madoi,Qinghai"
281,2021-05-22,23:46:14,99.11,34.42,3.3,10,"Maqin,Qinghai"
282,2021-05-23,11:46:53,99.14,34.44,3.9,11,"Maqin,Qinghai"
283,2021-05-23,12:12:13,98.72,34.49,3.1,11,"Madoi,Qinghai"
284,2021-05-23,15:24:32,99.06,34.48,4,11,"Maqin,Qinghai"
285,2021-05-23,16:35:45,98.63,34.51,3.5,11,"Madoi,Qinghai"
286,2021-05-24,7:23:42,98.25,34.7,3.7,11,"Madoi,Qinghai"
287,2021-05-24,8:10:58,100,25.59,3,8,"Yangbi,Yunnan"
288,2021-05-24,8:43:10,100.01,25.59,3.1,8,"Yangbi,Yunnan"
289,2021-05-24,16:31:28,97.56,34.78,4.1,9,"Madoi,Qinghai"
290,2021-05-24,22:15:19,99.02,34.45,4.4,10,"Maqin,Qinghai"
291,2021-05-24,22:22:06,75.28,40.03,3.2,10,"Wuqia,Xinjiang"
292,2021-05-24,23:26:52,102.93,26.91,3.1,11,"Qiaojia,Yunnan"
293,2021-05-24,23:35:41,98.62,34.6,3.2,10,"Madoi,Qinghai"
294,2021-05-25,2:15:56,97.69,34.78,3.5,10,"Madoi,Qinghai"
295,2021-05-25,7:00:20,98.04,34.73,4.1,10,"Madoi,Qinghai"
296,2021-05-25,8:09:39,104.7,29.63,3,12,"Weiyuan,Sichuan"
297,2021-05-25,14:46:52,99.27,34.46,3,10,"Maqin,Qinghai"
298,2021-05-25,17:30:38,99.2,34.45,3,10,"Maqin,Qinghai"
299,2021-05-25,21:50:40,101.31,39.96,3,10,"Ayouqi,InnerMongolia"
300,2021-05-26,0:48:01,121.53,23.96,4.3,21,"Hualian,Taiwan,China"
301,2021-05-26,4:46:08,86.47,29,4.2,10,"Nielamu,Tibet"
302,2021-05-26,6:37:24,99.89,25.65,3,10,"Yangbi,Yunnan"
303,2021-05-26,13:54:11,98.53,34.59,3.4,10,"Madoi,Qinghai"
304,2021-05-27,12:14:29,122.62,24.86,4,11,"ThecoastalareanearYilan,Taiwan,China"
305,2021-05-27,19:52:47,99.95,25.74,4.1,12,"Yangbi,Yunnan"
306,2021-05-27,21:06:07,99.17,34.46,4.9,8,"Maqin,Qinghai"
307,2021-05-27,23:03:57,99.89,25.69,3.6,12,"Yangbi,Yunnan"
308,2021-05-28,0:51:44,83.55,41.17,3,11,"Kuche,Xinjiang"
309,2021-05-28,8:51:25,95.02,31.93,3.1,10,"Dingqing,Tibet"
310,2021-05-28,20:43:19,99.92,25.56,3.4,13,"Yangbi,Yunnan"
311,2021-05-30,5:37:42,85.42,42.12,3.3,15,"Kuerle,Xinjiang"
312,2021-05-30,7:08:56,84.8,36.79,3.7,6,"Qiemo,Xinjiang"
313,2021-05-30,12:50:08,98.31,34.67,4.9,9,"Madoi,Qinghai"
314,2021-05-30,12:57:02,98.3,34.68,3,9,"Madoi,Qinghai"
315,2021-05-30,14:14:55,100.25,34.16,3.8,9,"Gande,Qinghai"
316,2021-05-30,14:55:15,98.48,34.65,4.9,9,"Madoi,Qinghai"
317,2021-05-30,21:08:22,92.78,33.78,3.5,10,"Zhiduo,Qinghai"
318,2021-05-30,23:06:31,106.97,38.37,3,15,"Etuokeqianqi,Neimenggu"
319,2021-05-30,23:35:05,98.03,34.73,3,10,"Madoi,Qinghai"
320,2021-05-31,7:23:21,120.41,38.01,3.7,9,"ThecoastalareanearPenglai,Shandong"
321,2021-05-31,8:12:10,98.59,34.59,3.4,10,"Madoi,Qinghai"
322,2021-06-02,20:44:01,78.28,40.95,4,10,"Aheqi,Xinjiang"
323,2021-06-03,13:55:17,97.9,34.75,4.9,10,"Madoi,Qinghai"
324,2021-06-04,9:02:25,107.46,27.39,3,10,"Yuqing,Guizhou"
325,2021-06-05,6:12:23,99.98,25.59,3.4,11,"Yangbi,Yunnan"
326,2021-06-07,20:13:13,112.44,22.19,3,8,"Kaiping,Guangdong"
327,2021-06-08,9:21:33,104.8,28.2,3.2,8,"Gongxian,Sichuan"
328,2021-06-10,19:46:08,101.91,24.34,5.1,8,"Shuangbai,Yunnan"
329,2021-06-10,19:58:38,101.92,24.37,3.6,12,"Shuangbai,Yunnan"
330,2021-06-10,21:52:35,101.91,24.34,3.3,8,"Shuangbai,Yunnan"
331,2021-06-11,2:59:29,99.01,34.55,3.1,9,"Maqin,Qinghai"
332,2021-06-11,4:06:14,83.51,41.07,3.1,10,"Shaya,Xinjiang"
333,2021-06-11,9:22:48,109.73,39.25,3,0,"Yijinhuoluo,InnerMongolia"
334,2021-06-11,13:12:49,121.58,23.91,4.9,8,"Hualian,Taiwan,China"
335,2021-06-11,14:08:16,105.85,25.24,3.1,8,"Zhenfeng,Guizhou"
336,2021-06-11,15:33:26,121.55,23.88,5.3,10,"Hualian,Taiwan,China"
337,2021-06-12,5:58:58,121.14,22.64,4.9,10,"ThecoastalareanearTaidong,Taiwan,China"
338,2021-06-12,9:47:44,80.86,41.77,3,10,"Wensu,Xinjiang"
339,2021-06-12,18:00:47,97.89,24.96,5,16,"Yingjiang,Yunnan"
340,2021-06-12,20:48:20,97.51,34.83,3.9,9,"Madoi,Qinghai"
341,2021-06-12,22:49:08,114.4,41.16,3.2,12,"Zhangbei,Hebei"
342,2021-06-12,23:58:02,81.11,42.16,3,6,"Baicheng,Xinjiang"
343,2021-06-13,3:06:44,96.54,34.55,3.3,9,"Chengdoi,Qinghai"
344,2021-06-13,5:11:59,80.81,44.85,3.3,18,"Wenquan,Xinjiang"
345,2021-06-14,4:02:37,104.48,31.98,3.8,15,"Beichuan,Sichuan"
346,2021-06-14,6:57:53,104.49,32,3.3,15,"Beichuan,Sichuan"
347,2021-06-14,15:09:16,82.48,42,3.6,20,"Baicheng,Xinjiang"
348,2021-06-15,12:00:14,97.55,34.8,4,11,"Madoi,Qinghai"
349,2021-06-16,6:47:23,90.7,34.85,3,7,"Tanggula,Qinghai"
350,2021-06-16,15:35:36,101.91,24.33,4.2,8,"Shuangbai,Yunnan"
351,2021-06-16,16:48:58,93.81,38.14,5.8,10,"Mangai,Qinghai"
352,2021-06-17,8:07:53,117.9,41.08,3,9,"Chengde,Hebei"
353,2021-06-17,8:30:39,73.94,39.66,3,10,"Wuqia,Xinjiang"
354,2021-06-17,22:58:24,97.57,34.85,3.1,8,"Madoi,Qinghai"
355,2021-06-20,4:01:39,84.3,29.58,3.8,10,"Zhongba,Tibet"
356,2021-06-20,11:31:01,100.33,22.65,3.8,10,"Lancang,Yunnan"
357,2021-06-20,22:50:14,121.52,23.78,4.4,10,"Hualian,Taiwan"
358,2021-06-21,1:48:58,105.09,32.41,3.2,12,"Qingchuan,Sichuan"
359,2021-06-21,18:06:50,87.36,29.3,3,10,"Angren,Tibet"
360,2021-06-22,5:26:14,106.15,35.97,3,10,"Guyuan,Ningxia"
361,2021-06-22,8:48:19,104.56,29.36,3,10,"Rongxian,Sichuan"
362,2021-06-22,9:36:37,97.52,34.81,3.2,10,"Madoi,Qinghai"
363,2021-06-22,11:14:48,114.41,41.17,3.9,10,"Zhangbei,Hebei"
364,2021-06-23,0:44:36,92.21,27.91,3.3,10,"Cuona,Tibet"
365,2021-06-23,5:11:29,104.94,32.2,3.8,12,"Jiangyou,Sichuan"
366,2021-06-23,12:17:22,97.51,34.81,3,9,"Madoi,Qinghai"
367,2021-06-23,13:40:26,121.5,24.07,4.5,21,"Hualian,Taiwan,China"
368,2021-06-24,3:19:59,104.48,31.98,3,14,"Beichuan,Sichuan"
369,2021-06-24,4:49:39,77.16,39.89,3.4,18,"Atushi,Xinjiang"
370,2021-06-24,5:17:05,118.74,39.83,3,11,"Luanzhou,Hebei"
371,2021-06-24,12:51:41,101.8,34.47,3.6,9,"Henanxian,Qinghai"
372,2021-06-25,8:03:18,83.42,41.14,3.4,10,"Kuche,Xinjiang"
373,2021-06-25,9:42:10,83.45,41.12,4.7,10,"Kuche,Xinjiang"
374,2021-06-25,11:00:28,97.93,37.46,3.1,9,"Delingha,Qinghai"
375,2021-06-25,12:57:26,83.55,41.12,3.8,16,"Shaya,Xinjiang"
376,2021-06-25,17:35:25,101.8,34.46,3,9,"Henanxian,Qinghai"
377,2021-06-25,18:20:45,102.98,27.92,3.1,12,"Zhaojue,Sichuan"
378,2021-06-26,3:56:57,75.18,39.33,3.1,8,"Wuqia,Xinjiang"
379,2021-06-27,10:19:45,75.08,39.31,3.1,18,"Wuqia,Xinjiang"
380,2021-06-28,19:48:15,101.89,24.31,4.6,8,"Shuangbai,Yunnan"
381,2021-06-29,1:26:31,90.94,33.78,3.2,10,"Tangguladiqu,Qinghai"
382,2021-06-29,6:41:28,99.99,25.75,3.6,9,"Yangbi,Yunnan"
383,2021-06-30,5:33:06,112.5,37.64,3,21,"Taiyuan,Shanxi"
384,2021-07-01,8:26:30,77.06,37.71,3.1,22,"Yecheng,Xinjiang"
385,2021-07-02,7:08:27,83.62,42.07,3.9,20,"Kuche,Xinjiang"
386,2021-07-02,9:15:46,81.53,43.18,4.5,21,"Zhaosu,Xinjiang"
387,2021-07-03,21:25:54,97.95,34.73,3.2,9,"Madoi,Qinghai"
388,2021-07-04,16:33:46,112.1,31.16,3.5,9,"Jingmen,Hubei"
389,2021-07-05,5:48:29,99.02,32.92,4,7,"Shiqu,Sichuan"
390,2021-07-06,9:50:52,98.28,34.68,4,10,"Madoi,Qinghai"
391,2021-07-07,4:19:28,104.99,28.05,4.2,9,"Weixin,Yunnan"
392,2021-07-07,15:27:10,99.02,34.47,4.4,9,"Maqin,Qinghai"
393,2021-07-07,18:01:19,98.95,34.5,4.1,9,"Maqin,Qinghai"
394,2021-07-07,19:24:58,121.66,23.88,5.3,9,"ThecoastalareanearHualian,Taiwan,China"
395,2021-07-07,21:38:28,121.66,23.87,4.3,7,"ThecoastalareanearHualian,Taiwan,China"
396,2021-07-08,6:11:55,121.68,23.88,5.1,10,"ThecoastalareanearHualian,Taiwan,China"
397,2021-07-08,21:05:03,81.01,41.65,4.6,12,"Wensu,Xinjiang"
398,2021-07-08,21:23:24,98,34.74,4.9,10,"Madoi,Qinghai"
399,2021-07-08,21:51:15,82.88,40.54,3.1,18,"Shaya,Xinjiang"
400,2021-07-09,5:04:21,76.94,39.53,3,17,"Jiashi,Xinjiang"
401,2021-07-09,10:41:58,89.66,45.77,3.1,7,"Fuyun,Xinjiang"
402,2021-07-10,16:46:00,100.48,25.8,3.2,11,"Binchuan,Yunnan"
403,2021-07-10,19:38:04,105.47,29.32,3,5,"Rongchang,Chongqing"
404,2021-07-12,22:49:10,82.32,35.93,3.3,8,"Yutian,Xinjiang"
405,2021-07-13,0:48:25,99.76,38.63,3.8,10,"Sunan,Gansu"
406,2021-07-13,3:58:34,76.93,39.51,3.2,24,"Jiashi,Xinjiang"
407,2021-07-14,6:52:04,121.73,23.89,5.2,10,"ThecoastalareanearHualian,Taiwan,China"
408,2021-07-14,6:59:25,121.65,23.93,4.4,10,"ThecoastalareanearHualian,Taiwan,China"
409,2021-07-14,7:45:27,121.67,23.94,4.8,10,"ThecoastalareanearHualian,Taiwan,China"
410,2021-07-14,11:36:33,121.72,23.94,4.2,10,"ThecoastalareanearHualian,Taiwan,China"
411,2021-07-14,20:55:33,121.69,23.97,4,10,"ThecoastalareanearHualian,Taiwan,China"
412,2021-07-14,23:36:07,103.37,30.97,4.8,15,"Wenchuan,Sichuan"
413,2021-07-15,1:00:45,121.62,23.95,4.3,10,"ThecoastalareanearHualian,Taiwan,China"
414,2021-07-15,16:31:19,115.1,37.53,3.7,10,"Ningjin,Hebei"
415,2021-07-16,15:59:49,104.57,32.17,3.3,11,"Pingwu,Sichuan"
416,2021-07-17,1:29:31,82.89,40.59,3.6,22,"Shaya,Xinjiang"
417,2021-07-18,0:49:07,104.77,28.11,3.1,9,"Gongxian,Sichuan"
418,2021-07-18,19:25:43,121.69,24.02,4,5,"ThecoastalareanearHualian,Taiwan,China"
419,2021-07-20,9:26:59,81.02,41.64,3.1,11,"Wensu,Xinjiang"
420,2021-07-21,3:01:18,103.08,27.42,3.6,17,"Jinyang,Sichuan"
421,2021-07-21,23:00:00,87.14,36.21,4.1,10,"Shuanghu,Tibet"
422,2021-07-22,5:54:12,81.42,35.45,3,10,"Cele,Xinjiang"
423,2021-07-22,19:56:52,78.85,37.54,3.2,10,"Pishan,Xinjiang"
424,2021-07-23,2:26:23,122.15,43.01,3,10,"Kezuohouqi,InnerMongolia"
425,2021-07-23,14:22:40,102.19,32.61,3.7,18,"Abaxian,Sichuan"
426,2021-07-23,20:55:21,105.44,29.28,4.1,15,"Luxian,Sichuan"
427,2021-07-24,1:44:28,83.32,42.16,3.7,28,"Kuche,Xinjiang"
428,2021-07-24,3:44:08,82.91,40.61,4.2,25,"Shaya,Xinjiang"
429,2021-07-25,0:23:46,102.16,32.62,3.9,17,"Aba,Sichuan"
430,2021-07-25,0:38:46,102.16,32.62,3.3,19,"Aba,Sichuan"
431,2021-07-25,19:49:54,83.81,41.31,3,10,"Kuche,Xinjiang"
432,2021-07-26,4:59:15,77.92,40.67,4.3,10,"Aheqi,Xinjiang"
433,2021-07-26,16:48:25,88.75,33.74,3.4,9,"Shuanghu,Tibet"
434,2021-07-27,0:34:08,125.37,45.56,3.4,10,"Zhaoyuan,Heilongjiang"
435,2021-07-28,3:57:38,86.23,43.61,3,7,"Manasi,Xinjiang"
436,2021-07-28,9:40:45,79.24,41.55,3.8,25,"Wushi,Xinjiang"
437,2021-07-29,3:24:05,90.98,34.92,4.2,8,"Zhidoi,Qinghai"
438,2021-07-29,12:33:28,122.66,23.95,4.1,8,"TheCoastalareanearHualian,Taiwan,China"
439,2021-07-29,14:42:22,92.55,31.96,3.8,10,"Nierong,Tibet"
440,2021-07-30,6:55:18,121.61,23.85,4.3,6,"ThecoastalareanearHualian,Taiwan,China"
441,2021-07-30,14:26:57,75.07,38.79,3.1,7,"Aketao,Xinjiang"
442,2021-08-04,19:12:53,106.71,23.38,4.8,10,"Debao,Guangxi"
443,2021-08-05,5:50:45,122.31,24.82,5.8,10,"ThecoastalareanearYilan,Taiwan,China"
444,2021-08-05,13:04:25,75.49,40.03,3,23,"Wuqia,Xinjiang"
445,2021-08-06,9:48:34,90.83,34.85,3,8,"Tanggula,Qinghai"
446,2021-08-06,16:11:04,122.3,24.76,5.4,20,"ThecoastalareanearYilan,Taiwan,China"
447,2021-08-06,19:12:31,121.31,23.15,5.1,10,"Hualian,Taiwan,China"
448,2021-08-08,18:13:43,109.08,18.55,3.2,10,"Ledong,Hainan"
449,2021-08-09,6:17:56,83.51,41.19,3,15,"Kuche,Xinjiang"
450,2021-08-09,6:54:18,83.51,41.2,3.3,17,"Kuche,Xinjiang"
451,2021-08-09,18:51:26,75.95,40.09,4.8,15,"Atushi,Xinjiang"
452,2021-08-10,8:38:34,87.04,42.3,3,21,"Heshuo,Xinjiang"
453,2021-08-10,14:39:43,101.01,29.09,3.3,17,"Muli,Sichuan"
454,2021-08-10,16:17:04,103.18,31.34,3,10,"Lixian,Sichuan"
455,2021-08-11,6:35:57,98.29,34.68,4.7,11,"Madoi,Qinghai"
456,2021-08-11,6:39:58,84.28,42.93,3.4,10,"Hejing,Xinjiang"
457,2021-08-13,7:54:14,105.02,32.49,3.2,14,"Qingchuan,Sichuan"
458,2021-08-13,12:21:36,97.54,34.58,5.8,8,"Madoi,Qinghai"
459,2021-08-13,16:27:38,97.62,34.53,3.2,8,"Madoi,Qinghai"
460,2021-08-13,23:46:00,84.97,31.65,3.3,10,"Gaize,Tibet"
461,2021-08-15,9:35:57,77.84,37.84,3.1,10,"Yecheng,Xinjiang"
462,2021-08-15,9:44:06,77.85,37.81,3.1,10,"Yecheng,Xinjiang"
463,2021-08-16,4:50:42,96.92,33.05,3,8,"Yushushi,Qinghai"
464,2021-08-18,0:23:42,99.87,25.71,3.4,12,"Yangbi,Yunnan"
465,2021-08-18,4:20:11,92.8,31.91,3.2,10,"Biru,Tibet"
466,2021-08-18,4:51:28,81.42,43.51,3.2,28,"Chabuchaer,Xinjiang"
467,2021-08-18,4:53:17,81.43,43.49,3.3,25,"Chabuchaer,Xinjiang"
468,2021-08-18,16:19:05,121.97,52.45,3.9,24,"Mohe,Heilongjiang"
469,2021-08-19,15:50:56,121.67,23.94,4,8,"ThecoastalareanearHualian,Taiwan,China"
470,2021-08-21,10:20:10,105.31,27.12,4.5,10,"Bijie,Guizhou"
471,2021-08-22,19:52:02,120.56,23.21,4.2,20,"Tainan,Taiwan,China"
472,2021-08-23,18:56:37,122.37,24.8,4.4,5,"CoastalareanearYilan,Taiwan,China"
473,2021-08-24,10:45:18,77.24,40.03,3.4,7,"Atushi,Xinjiang"
474,2021-08-24,19:06:36,105.48,29.28,3.1,10,"Luxian,Sichuan"
475,2021-08-25,0:48:14,78.82,32.1,4,10,"Zhada,Tibet"
476,2021-08-26,7:38:19,95.5,38.88,5.5,15,"Akesai,Gansu"
477,2021-08-26,23:28:04,95.52,38.91,3.7,16,"Akesai,Gansu"
478,2021-08-28,23:21:31,89.27,35.53,4.3,10,"Anduo,Tibet"
479,2021-08-29,3:20:48,87.88,42.13,3.3,23,"Heshuo,Xinjiang"
480,2021-08-29,22:27:53,84.08,43.91,3.6,16,"Wusu,Xinjiang"
481,2021-08-30,23:28:25,102.78,27.03,3.1,15,"Ningnan,Sichuan"
482,2021-08-31,20:29:19,117,38.29,3,0,"Cangxian,Hebei"
483,2021-08-31,21:28:44,82.8,40.6,3,10,"Shaya,Xinjiang"
484,2021-09-01,6:27:57,120.73,23.24,4.1,17,"Gaoxiong,Taiwan"
485,2021-09-01,6:37:45,105.1,28.11,3.7,10,"Xingwen,Sichuan"
486,2021-09-02,4:09:30,102.84,26.49,3,24,"Huidong,Sichuan"
487,2021-09-02,18:56:59,120.57,23.14,4.4,5,"Tainan,Taiwan,China"
488,2021-09-03,21:30:38,104.92,28.09,4.8,15,"Gongxian,Sichuan"
489,2021-09-03,23:48:33,77.88,37.86,4,10,"Yecheng,Xinjiang"
490,2021-09-04,0:27:47,77.81,37.8,3.7,10,"Yecheng,Xinjiang"
491,2021-09-04,0:29:55,77.85,37.88,3.3,7,"Yecheng,Xinjiang"
492,2021-09-04,9:19:36,77.89,37.91,3.3,7,"Yecheng,Xinjiang"
493,2021-09-04,9:21:16,77.83,37.87,3.9,8,"Yecheng,Xinjiang"
494,2021-09-04,9:23:02,78.23,37.56,3.1,10,"Pishan,Xinjiang"
495,2021-09-04,9:23:46,77.86,37.83,3.7,7,"Yecheng,Xinjiang"
496,2021-09-04,9:28:04,77.87,37.89,4.8,8,"Yecheng,Xinjiang"
497,2021-09-04,9:36:47,77.86,37.77,3.3,10,"Pishan,Xinjiang"
498,2021-09-04,9:39:00,77.93,37.79,4.3,7,"Pishan,Xinjiang"
499,2021-09-04,9:40:33,78.03,37.75,3.4,7,"Pishan,Xinjiang"
500,2021-09-04,9:42:29,78.09,37.76,3,10,"Pishan,Xinjiang"
501,2021-09-04,9:43:45,77.8,37.8,3.7,6,"Yecheng,Xinjiang"
502,2021-09-04,9:54:08,77.96,37.87,5.1,7,"Pishan,Xinjiang"
503,2021-09-05,1:52:09,77.85,37.79,5,10,"Yecheng,Xinjiang"
504,2021-09-05,1:55:28,77.83,37.79,4.2,10,"Yecheng,Xinjiang"
505,2021-09-05,4:03:53,103.89,33.12,3.2,26,"Jiuzhaigou,Sichuan"
506,2021-09-05,5:13:46,77.81,37.73,3.4,25,"Pishan,Xinjiang"
507,2021-09-06,22:00:26,122.07,23.9,5.2,21,"ThecoastalareanearHualian,Taiwan,China,"
508,2021-09-06,23:00:17,77.33,40.18,3.8,17,"Atushi,Xinjiang"
509,2021-09-08,21:37:13,82.6,39.91,3.1,23,"Shaya,Xinjiang"
510,2021-09-09,9:08:33,78.66,36.88,3,12,"Pishan,Xinjiang"
511,2021-09-10,7:48:26,78.67,36.88,4,9,"Pishan,Xinjiang"
512,2021-09-11,15:05:43,106.71,23.39,4.3,10,"Debao,Guangxi"
513,2021-09-11,23:00:16,106.7,23.39,3.2,6,"Debao,Guangxi"
514,2021-09-12,5:47:53,106.14,23.16,3,6,"Jingxi,Guangxi"
515,2021-09-12,6:23:03,77.45,40.2,3,20,"Atushi,Xinjiang"
516,2021-09-12,17:57:22,94.18,43,3.1,10,"Yizhou,Xinjiang"
517,2021-09-13,15:56:47,83.79,41.35,3.2,10,"Kuche,Xinjiang"
518,2021-09-13,18:41:27,121.09,24.13,4.6,35,"Nantou,Taiwan,China"
519,2021-09-14,13:48:44,102.98,26.41,3.1,21,"Huidong,Sichuan"
520,2021-09-14,14:08:07,89.5,47.55,3,8,"Fuyun,Xinjiang"
521,2021-09-15,1:52:24,80.74,41.32,3.2,9,"Wensu,Xinjiang"
522,2021-09-15,7:19:03,99.99,25.73,3.3,9,"Yangbi,Yunnan"
523,2021-09-15,20:32:18,105.33,29.2,3,12,"Luxian,Sichuan"
524,2021-09-16,4:33:32,105.34,29.2,6,10,"Luxian,Sichuan"
525,2021-09-17,17:06:03,82.06,43.28,3,10,"Tekesi,Xinjiang"
526,2021-09-18,13:20:50,104.52,29.48,3.2,9,"Rongxian,Sichuan"
527,2021-09-18,16:57:47,97.78,38.47,3,10,"Tianjun,Qinghai"
528,2021-09-19,4:02:55,83.83,41.4,3.2,9,"Kuche,Xinjiang"
529,2021-09-19,17:36:31,96.33,28.56,4.5,10,"Chayu,Tibet"
530,2021-09-21,14:45:29,113.5,34.53,3,0,"Xinmi,Henan"
531,2021-09-21,22:31:54,77.81,37.77,3.3,23,"Yecheng,Xinjiang"
532,2021-09-22,20:59:57,103.46,28.39,3,8,"Leibo,Sichuan"
533,2021-09-23,1:20:48,76.31,37.45,3,90,"Tashkurgan,Xinjiang"
534,2021-09-24,4:08:33,105.06,28.07,3.6,9,"Weixin,Yunnan"
535,2021-09-24,7:06:04,102.73,28.25,3.1,16,"Zhaojue,Sichuan"
536,2021-09-24,11:19:56,76.92,36.74,3.3,80,"Yecheng,Xinjiang"
537,2021-09-24,23:17:19,102.73,32.03,3,17,"Heishui,Sichuan"
538,2021-09-25,2:16:34,105.43,29.27,3.1,10,"Luxian,Sichuan"
539,2021-09-25,12:41:04,94.8,30.3,4.2,10,"Bomi,Tibet"
540,2021-09-25,17:24:31,94.73,30.37,3,10,"Bomi,Tibet"
541,2021-09-25,18:02:13,122.69,37.22,3.3,10,"ThecoastalareanearRongcheng,Shandong"
542,2021-09-26,6:21:18,121.67,24.47,4.8,20,"Yilan,Taiwan,China"
543,2021-09-27,1:07:55,81.61,42.21,3.8,6,"Baicheng,Xinjiang"
544,2021-09-27,1:22:19,81.62,42.21,3.7,8,"Baicheng,Xinjiang"
545,2021-09-27,11:19:17,105.45,29.29,3,9,"Luxian,Sichuan"
546,2021-09-27,15:01:28,77.8,37.78,3.1,21,"Yecheng,Xinjiang"
547,2021-09-28,13:26:08,90.92,34.3,3.1,10,"Tanggula,Qinghai"
548,2021-09-28,13:43:31,75.63,40.15,3,20,"Wuqia,Xinjiang"
549,2021-09-29,6:56:19,105.52,37,3.1,5,"Zhongning,Ningxia"
550,2021-09-29,11:33:56,89.36,33.79,4.2,10,"Shuanghu,Tibet"
551,2021-10-01,6:57:34,83.71,41.23,3.3,17,"Kuche,Xinjiang"
552,2021-10-01,11:49:25,94.9,30.34,3.9,10,"Bomi,Tibet"
553,2021-10-01,21:01:56,94.85,30.3,3.6,10,"Bomi,Tibet"
554,2021-10-01,21:40:05,104.83,28.46,3.2,8,"Changning,Sichuan"
555,2021-10-02,6:48:39,103.96,29.25,3.1,10,"Qianwei,Sichuan"
556,2021-10-02,12:45:23,94.92,30.35,3.6,10,"Bomi,Tibet"
557,2021-10-02,21:21:50,104.68,29.64,3.2,11,"Weiyuan,Sichuan"
558,2021-10-04,2:44:02,93.05,32.63,3.6,10,"Nierong,Tibet"
559,2021-10-04,11:24:19,94.82,30.41,4,10,"Bomi,Tibet"
560,2021-10-04,12:29:34,92.88,32.69,3.3,10,"Nierong,Tibet"
561,2021-10-04,14:07:51,122.27,24.86,4.6,10,"ThecoastalareanearYilan,Taiwan,China"
562,2021-10-05,3:40:57,77.84,37.77,3.1,26,"Pishan,Xinjiang"
563,2021-10-05,10:38:15,94.87,30.3,3.8,10,"Bomi,Tibet"
564,2021-10-06,7:27:53,94.84,30.36,3.6,10,"Bomi,Tibet"
565,2021-10-07,13:07:36,93.05,32.65,3.3,10,"Nierong,Tibet"
566,2021-10-07,13:32:19,97.6,34.81,3.7,10,"Madoi,Qinghai"
567,2021-10-07,21:16:24,92.85,44.43,4.3,9,"Balikun,Xinjiang"
568,2021-10-08,12:37:54,89.47,33.65,3.3,10,"Shuanghu,Tibet"
569,2021-10-08,12:40:54,89.59,33.65,3.7,10,"Shuanghu,Tibet"
570,2021-10-09,4:38:29,95.08,31.91,3,10,"Dingqing,Tibet"
571,2021-10-09,7:53:35,82.41,35.79,3.8,17,"Yutian,Xinjiang"
572,2021-10-09,10:45:22,83.88,42,3.4,10,"Kuche,Xinjiang"
573,2021-10-09,13:36:51,94.86,30.3,3.9,10,"Bomi,Tibet"
574,2021-10-10,1:56:02,82.38,41.97,3.1,10,"Baicheng,Xinjiang"
575,2021-10-10,9:48:52,94.85,30.29,3.6,10,"Bomi,Tibet"
576,2021-10-11,0:29:37,94.88,30.37,3.1,10,"Bomi,Tibet"
577,2021-10-11,23:40:05,75.96,40.18,3,9,"Atushi,Xinjiang"
578,2021-10-12,8:31:50,94.83,30.34,3.7,10,"Bomi,Tibet"
579,2021-10-12,17:31:38,86.95,43.39,3,13,"UrumqiConuty,Xinjiang"
580,2021-10-12,18:37:18,123.06,40.53,3.2,5,"Xiuyan,Liaoning"
581,2021-10-12,18:48:37,83.49,41.17,3.6,10,"Kuche,Xinjiang"
582,2021-10-13,4:24:18,94.78,30.31,3,10,"Bomi,Tibet"
583,2021-10-13,14:02:43,83.4,41.91,4.1,21,"Kuche,Xinjiang"
584,2021-10-14,1:09:56,83.92,41.96,3.1,12,"Kuche,Xinjiang"
585,2021-10-14,5:06:43,106.3,29.68,3.2,10,"Shapingba,Chongqing"
586,2021-10-14,8:04:21,91.86,33.67,4.1,10,"Tanggula,Qinghai"
587,2021-10-14,17:49:59,92.42,39.66,3.9,8,"Ruoqiang,Xinjiang"
588,2021-10-15,0:52:53,77.01,36.71,3,93,"Yecheng,Xinjiang"
589,2021-10-15,5:10:04,120.24,44.2,4.7,10,"Alukeerqin,InnerMogolia"
590,2021-10-15,18:35:39,87.43,28.64,3,10,"Dingri,Tibet"
591,2021-10-17,5:42:10,83.76,41.25,3.4,11,"Kuche,Xinjiang"
592,2021-10-18,8:37:00,103.96,29.26,4.3,10,"Qianwei,Sichuan"
593,2021-10-18,8:41:15,103.93,29.25,3.1,10,"Qianwei,Sichuan"
594,2021-10-18,10:20:57,103.99,29.26,3.2,8,"Qianwei,Sichuan"
595,2021-10-18,13:49:18,121.76,24.22,4.3,31,"ThecoastalareanearHualian,Taiwan,China"
596,2021-10-18,18:32:17,87.41,28.54,3.8,10,"Dingri,Tibet"
597,2021-10-20,4:46:34,90.07,46.55,3,15,"Qinghe,Xinjiang"
598,2021-10-21,8:12:23,84.15,43.77,4.2,11,"Nileke,Xinjiang"
599,2021-10-22,17:19:16,100,25.73,3.4,8,"Yangbi,Yunnan"
600,2021-10-23,11:16:04,121.69,24.09,4.9,10,"ThecoastalareanearHualian,Taiwan,China"
601,2021-10-23,18:24:54,93.79,38.15,3,10,"Mangai,Qinghai"
602,2021-10-24,13:11:35,121.8,24.55,6.3,60,"Yilan,Taiwan,China"
603,2021-10-26,11:30:34,92.12,33.36,3.1,10,"Tanggula,Qinghai"
604,2021-10-27,1:47:02,83.88,42.34,4.7,9,"Kuche,Xinjiang"
605,2021-10-30,0:37:14,77.72,36.13,3.1,7,"Yecheng,Xinjiang"
606,2021-11-01,2:42:55,102.02,38.62,3.2,10,"Jinchang,Gansu"
607,2021-11-01,20:29:12,87.95,43.1,3.1,10,"Tuokexun,Xinjiang"
608,2021-11-01,21:48:41,77.26,40.34,3.6,13,"Atushi,Xinjiang"
609,2021-11-02,12:01:10,84.62,33.49,3.7,10,"Gaize,Tibet"
610,2021-11-05,2:48:27,83.54,41.24,3.1,7,"Kuche,Xinjiang"
611,2021-11-05,9:48:31,87.44,28.73,4.2,10,"Dingri,Tibet"
612,2021-11-06,2:51:28,89.31,38.33,3.1,9,"Ruoqiang,Xinjiang"
613,2021-11-07,9:36:00,111.07,32.08,3,8,"Baokang,Hubei"
614,2021-11-08,3:10:12,83.43,41.14,3,10,"Kuche,Xinjiang"
615,2021-11-08,16:18:39,84.43,37.01,3,10,"Qiemo,Xinjiang"
616,2021-11-09,3:35:28,93.79,38.18,3.8,6,"Mangai,Qinghai"
617,2021-11-10,2:24:12,122.45,23.94,4.2,9,"ThecoastalareanearHualian,Taiwan,China"
618,2021-11-10,16:39:52,104.69,29.59,3.9,8,"Weiyuan,Sichuan"
619,2021-11-11,21:06:46,77.61,37.66,3.9,10,"Yecheng,Xinjiang"
620,2021-11-12,9:50:55,105.09,28.08,4.3,10,"Weixin,Yunnan"
621,2021-11-14,21:05:16,122.02,24.58,4.8,50,"ThecoastalareanearYilan,Taiwan,China"
622,2021-11-15,9:21:39,90.42,32.67,3.3,25,"Anduo,Tibet"
623,2021-11-16,7:15:07,93.75,39.39,3.9,12,"Akesai,Gansu"
624,2021-11-16,13:22:48,101.68,22.31,4.8,9,Laos
625,2021-11-16,15:54:47,101.69,22.31,4.6,9,Laos
626,2021-11-17,10:25:34,122.25,24.8,4.7,10,"CoastalareanearYilan,Taiwan,China"
627,2021-11-17,13:54:30,121.19,33.5,5,17,"CoastalareanearDafeng,Jiangsu"
628,2021-11-17,15:39:11,104.96,28.22,3.1,10,"Xingwen,Sichuan"
629,2021-11-17,23:36:21,104.75,28.14,4.7,13,"Gongxian,Sichuan"
630,2021-11-18,5:04:07,100.53,33.83,3.1,10,"Jiuzhi,Qinghai"
631,2021-11-18,20:42:54,106.27,38,4,19,"Lingwu,Ningxia"
632,2021-11-20,4:56:12,104.76,28.15,3,8,"Gongxian,Sichuan"
633,2021-11-20,7:28:11,77.75,36.18,3.1,89,"Yecheng,Xinjiang"
634,2021-11-20,16:52:26,83.62,41.29,3.1,10,"Kuche,Xinjiang"
635,2021-11-21,13:52:18,75.31,39.87,3.3,25,"Wuqia,Xinjiang"
636,2021-11-21,18:51:01,104.79,28.45,4.6,11,"Changning,Sichuan"
637,2021-11-22,14:43:22,82.73,40.8,3.3,20,"Shaya,Xinjiang"
638,2021-11-23,3:04:24,112.95,32.62,3,5,"Tanghe,Henan"
639,2021-11-23,3:13:39,104.98,28.17,3,8,"Xingwen,Sichuan"
640,2021-11-24,6:32:57,83.48,41.17,3.1,10,"Kuche,Xinjiang"
641,2021-11-24,17:16:40,106.68,26.87,4.6,10,"Xiuwen,Guizhou"
642,2021-11-24,17:55:19,122.33,24.03,4.8,20,"CoastalareanearHualian,Taiwan,China"
643,2021-11-26,23:24:01,104.69,29.65,3.3,8,"Weiyuan,Sichuan"
644,2021-11-27,20:38:31,85.82,41.96,3,7,"Kuerle,Xinjiang"
645,2021-11-29,5:52:43,99.11,34.39,3.5,10,"Maqin,Qinghai"
646,2021-11-29,14:46:02,83.43,41.16,4.1,18,"Kuche,Xinjiang"
647,2021-11-29,17:46:37,107.3,40.88,3.4,10,"Bayannaoer,InnerMongolia"
648,2021-11-29,20:43:23,94.61,37.34,3.2,8,"Geermu,Qinghai"
649,2021-11-30,21:53:43,87.94,31.76,5.8,10,"Shuanghu,Tibet"
650,2021-12-01,5:39:34,104.97,28.34,4.2,9,"Changning,Sichuan"
651,2021-12-01,16:30:50,87.77,31.75,3.5,10,"Shuanghu,Tibet"
652,2021-12-03,1:40:45,90.63,31.18,3.3,10,"Bange,Tibet"
653,2021-12-03,10:38:30,82.39,41.62,3.7,23,"Xinhe,Xinjiang"
654,2021-12-04,12:08:47,89.29,37.32,3,10,"Ruoqiang,Xinjiang"
655,2021-12-05,9:43:10,89.38,37.15,3.9,8,"Ruoqiang,Xinjiang"
656,2021-12-05,9:48:05,89.28,37.08,3.9,9,"Ruoqiang,Xinjiang"
657,2021-12-06,14:26:53,100.58,34.21,4.7,9,"Gande,Qinghai"
658,2021-12-06,21:05:52,122.02,24.92,4.5,90,"CoastalareanearYilan,Taiwan,China"
659,2021-12-07,19:44:18,109.03,22.72,3,10,"Hengxian,Guangxi"
660,2021-12-08,2:59:27,90.99,34.05,3.7,10,"Tanggula,Qinghai"
661,2021-12-08,12:23:19,87.35,28.77,3.2,10,"Dingri,Tibet"
662,2021-12-08,17:18:59,121.14,33.48,3.8,15,"CoastalareanearDafeng,Jiangsu"
663,2021-12-10,1:36:33,85.23,34.22,3.3,10,"Gaize,Tibet"
664,2021-12-10,12:36:03,89.36,37.1,3.2,10,"Ruoqiang,Xinjiang"
665,2021-12-10,19:25:40,105.14,28.12,3.7,8,"Xingwen,Sichuan"
666,2021-12-11,8:38:59,80.86,34.84,3.3,10,"Ritu,Tibet"
667,2021-12-12,6:54:03,101.94,27.34,3,11,"Yanyuan,Sichuan"
668,2021-12-12,14:06:18,105.44,29.26,3.2,8,"Luxian,Sichuan"
669,2021-12-12,14:11:22,105.44,29.26,3,8,"Luxian,Sichuan"
670,2021-12-13,10:03:20,77.16,39.94,3.2,10,"Atushi,Xinjiang"
671,2021-12-14,20:32:14,95.79,28.89,3,20,"Motuo,Tibet"
672,2021-12-15,4:07:12,87.41,28.59,3.5,10,"Dingri,Tibet"
673,2021-12-16,8:05:48,87.96,31.79,3,21,"Shuanghu,Tibet"
674,2021-12-17,14:54:39,88.82,43.43,4.4,25,"Wulumuqi,Xinjiang"
675,2021-12-18,3:00:51,105.04,32.38,3,16,"Qingchuan,Sichuan"
676,2021-12-19,7:23:03,82.71,44,3.2,13,"Nileke,Xinjiang"
677,2021-12-19,7:54:29,92.73,38.95,5.3,10,"Mangai,Qinghai"
678,2021-12-21,1:55:09,102.87,27.11,3.3,8,"Ningnan,Sichuan"
679,2021-12-21,10:18:34,101.26,31.82,3.3,12,"Rangtang,Sichuan"
680,2021-12-21,18:59:32,120.5,23.14,3.8,19,"Tainan,Taiwan"
681,2021-12-22,6:36:59,95.68,29.13,3,10,"Motuo,Tibet"
682,2021-12-22,21:46:17,120,31.75,4.2,10,"Changzhou,Jiangsu"
683,2021-12-24,15:58:29,102.22,26.05,3.2,8,"Wuding,Yunnan"
684,2021-12-24,20:37:52,101.67,22.31,3.2,6,Laos
685,2021-12-24,21:43:22,101.69,22.33,6,15,Laos
686,2021-12-24,21:56:48,101.66,22.33,3.3,8,Laos
687,2021-12-24,22:02:28,101.66,22.33,4.9,10,Laos
688,2021-12-25,2:59:36,101.67,22.32,3.3,8,Laos
689,2021-12-26,2:25:28,82.9,31.17,3.2,10,"Geji,Tibet"
690,2021-12-26,15:38:19,82.98,39.98,3.9,20,"Shaya,Xinjiang"
691,2021-12-28,15:14:31,82.65,43.37,3.3,13,"Xinyuan,Xinjiang"
692,2021-12-30,5:30:23,94.67,36.92,4.9,10,"Geermu,Qinghai"
693,2021-12-30,14:47:08,122.5,23.9,5.1,20,"CoastalareanearHualian,Taiwan,China"
694,2021-12-31,13:03:26,101.66,22.33,3.4,12,Laos
695,2021-12-31,22:53:00,101.67,22.35,4.8,10,Laos
